{"cameraMode":{"drawMode":0,"name":"Shaded","section":"Shading Mode"},"sceneLighting":false,"audioPlay":false,"sceneViewState":{"showFog":false,"showMaterialUpdate":false,"showSkybox":false,"showFlares":false,"showImageEffects":false,"showParticleSystems":false,"showVisualEffectGraphs":true,"m_FxEnabled":true},"in2DMode":false,"pivot":{"x":0.5535002946853638,"y":2.436999797821045,"z":2.4717137813568117},"rotation":{"x":0.1360234022140503,"y":-0.36729809641838076,"z":0.054350923746824267,"w":0.9185692071914673},"size":0.48944902420043948,"orthographic":false}