{"cameraMode":{"drawMode":0,"name":"Shaded","section":"Shading Mode"},"sceneLighting":true,"audioPlay":false,"sceneViewState":{"showFog":false,"showMaterialUpdate":false,"showSkybox":true,"showFlares":false,"showImageEffects":false,"showParticleSystems":false,"showVisualEffectGraphs":true,"m_FxEnabled":true},"in2DMode":false,"pivot":{"x":0.9173280000686646,"y":0.15255765616893769,"z":8.938483238220215},"rotation":{"x":0.1417395919561386,"y":0.013839274644851685,"z":-0.0007622635457664728,"w":0.9899206161499023},"size":12.834882736206055,"orthographic":false}